Method,Error
W,0.00986607382107184
LMS,0.00237288482622617
NLMS,0.00236718721066204
RLS,0.00231763371412121
FxLMS,0.00227749164974434
FxNLMS,0.00227424515378454
FxRLS,0.00225287701248965
