Method,Error
W,0.192805506198606
LMS,0.00248717066115122
NLMS,0.00253453495721115
RLS,0.00170196784551014
FxLMS,0.000113901723187644
FxNLMS,0.000137909624293073
FxRLS,0.000130285527123897
