Method,Error
W,0.217906241284995
LMS,0.00251891192488034
NLMS,0.00289803663069651
RLS,0.00182279435761315
FxLMS,0.000120665448802696
FxNLMS,0.000109029916812604
FxRLS,1.94957954165544e-05
